id,first_name,last_name,email,gender,ip_address
1,Alberto,Catlow,acatlow0@mlb.com,Male,109.233.84.104
2,Glenine,Mettericke,gmettericke1@instagram.com,Female,18.72.104.223
3,Quincy,Fowley,qfowley2@smugmug.com,Male,150.194.123.214
4,Jareb,Van der Brug,jvanderbrug3@cbc.ca,Male,18.106.54.140
5,Odelinda,Cosens,ocosens4@state.tx.us,Genderqueer,83.21.241.197
6,Rasla,Galea,rgalea5@oakley.com,Female,163.80.58.132
7,Niccolo,Kimbury,nkimbury6@odnoklassniki.ru,Male,102.48.44.81
8,Saleem,Favelle,sfavelle7@gizmodo.com,Male,29.156.170.252
9,Benedikt,Reynault,breynault8@upenn.edu,Polygender,251.146.13.52
10,Karena,Apple,kapple9@mapy.cz,Female,169.69.51.205
11,Pieter,Sparshutt,psparshutta@hexun.com,Male,151.170.141.25
12,Eva,Chessman,echessmanb@deviantart.com,Female,88.192.160.96
13,Judas,Costar,jcostarc@noaa.gov,Male,110.147.138.242
14,Rudy,Collymore,rcollymored@qq.com,Male,87.244.126.82
15,Friedrick,Presnail,fpresnaile@alexa.com,Male,85.228.39.33
16,Taylor,Wais,twaisf@usgs.gov,Male,140.152.168.12
17,Candice,Meakin,cmeaking@google.fr,Female,252.67.68.185
18,Minni,Coan,mcoanh@webmd.com,Female,195.232.94.86
19,Lillian,Riccardini,lriccardinii@geocities.jp,Female,18.90.97.63
20,Lothario,Jenken,ljenkenj@artisteer.com,Male,167.173.200.223
21,Helli,Foxcroft,hfoxcroftk@github.io,Genderqueer,87.102.133.156
22,Thadeus,Cavy,tcavyl@scientificamerican.com,Male,115.172.9.48
23,Bobby,Westley,bwestleym@shutterfly.com,Female,103.66.96.228
24,Doloritas,Small,dsmalln@reverbnation.com,Female,150.88.134.66
25,Dom,Eskrigge,deskriggeo@cnet.com,Male,120.187.25.202
26,Lise,Tyers,ltyersp@wikia.com,Female,205.31.6.130
27,Hy,Sivil,hsivilq@statcounter.com,Male,33.253.76.213
28,Ianthe,Vannar,ivannarr@nyu.edu,Female,106.157.81.12
29,Nikita,MacColgan,nmaccolgans@usnews.com,Male,44.166.176.138
30,Anneliese,Rudsdell,arudsdellt@meetup.com,Female,230.226.0.104
31,Jamie,Shovelin,jshovelinu@miibeian.gov.cn,Male,8.79.55.105
32,Klemens,Stuther,kstutherv@upenn.edu,Male,220.148.228.152
33,Demetra,McCafferky,dmccafferkyw@alibaba.com,Female,39.140.167.227
34,Saundra,Lawful,slawfulx@indiatimes.com,Male,96.43.203.164
35,Wilbert,Rubens,wrubensy@1688.com,Male,77.128.112.116
36,Linn,Kibbee,lkibbeez@chronoengine.com,Male,236.147.13.58
37,Mandy,Castleman,mcastleman10@walmart.com,Female,245.156.141.246
38,Carissa,Ferrand,cferrand11@sphinn.com,Female,137.53.50.214
39,Francois,Edgehill,fedgehill12@google.it,Male,126.94.180.87
40,Cris,Bramich,cbramich13@addtoany.com,Female,147.186.255.74
41,Jarrad,Aldcorn,jaldcorn14@yandex.ru,Male,38.10.209.50
42,Aile,De Meyer,ademeyer15@canalblog.com,Female,186.154.185.43
43,Kristal,Goodyer,kgoodyer16@ovh.net,Female,148.25.226.130
44,Ivor,Barensky,ibarensky17@aol.com,Male,61.241.70.179
45,Matias,Eighteen,meighteen18@globo.com,Male,90.183.218.210
46,Jessika,Issacson,jissacson19@jigsy.com,Female,82.92.64.133
47,Seka,Del Dello,sdeldello1a@sina.com.cn,Female,21.105.231.50
48,Sophronia,Dorot,sdorot1b@auda.org.au,Female,132.204.66.27
49,Georgia,Riedel,griedel1c@com.com,Female,236.14.135.91
50,Rudolph,Sparham,rsparham1d@sakura.ne.jp,Male,227.95.153.162
51,Abbie,Tissiman,atissiman1e@usda.gov,Female,201.150.242.62
52,Trenton,Ferminger,tferminger1f@cnn.com,Male,64.56.186.145
53,Allis,Heggie,aheggie1g@behance.net,Female,104.179.200.137
54,Kort,Pieche,kpieche1h@privacy.gov.au,Male,57.245.37.246
55,Gaile,Medhurst,gmedhurst1i@hubpages.com,Male,68.246.201.193
56,Gregory,Whitmell,gwhitmell1j@gizmodo.com,Male,249.105.183.126
57,Goran,Binnion,gbinnion1k@redcross.org,Male,192.203.235.233
58,Idalina,Sauvan,isauvan1l@house.gov,Female,235.14.5.245
59,Zolly,Asprey,zasprey1m@cnbc.com,Male,11.24.231.230
60,Baudoin,Nuccii,bnuccii1n@tumblr.com,Male,18.99.253.226
61,Seka,Eley,seley1o@wikia.com,Polygender,243.71.17.133
62,Chadwick,Tidbury,ctidbury1p@sohu.com,Male,84.168.59.31
63,Celinka,Caslane,ccaslane1q@cargocollective.com,Female,29.206.79.127
64,Garvin,Philpott,gphilpott1r@ehow.com,Male,57.221.69.104
65,Ricca,Sterman,rsterman1s@1und1.de,Female,160.119.12.220
66,Urbanus,O'Caine,uocaine1t@bluehost.com,Male,33.63.135.106
67,Dwayne,Anthes,danthes1u@uol.com.br,Male,197.83.121.23
68,Ursa,Hellcat,uhellcat1v@dion.ne.jp,Female,51.77.121.228
69,Jarib,Crosson,jcrosson1w@arstechnica.com,Male,164.139.83.70
70,Regan,Clows,rclows1x@cmu.edu,Male,234.51.29.192
71,Rockey,O'Corrigane,rocorrigane1y@deviantart.com,Male,210.65.14.62
72,Jolene,Debold,jdebold1z@unesco.org,Female,96.120.106.189
73,Selby,Remnant,sremnant20@wikimedia.org,Male,83.250.136.141
74,Montgomery,Colebrook,mcolebrook21@prweb.com,Non-binary,19.17.83.170
75,Kris,Stapels,kstapels22@reverbnation.com,Male,151.84.66.54
76,Gaby,MacKissack,gmackissack23@va.gov,Non-binary,104.86.177.158
77,Dur,Jagielski,djagielski24@flickr.com,Genderqueer,195.201.58.251
78,Bernarr,Singh,bsingh25@storify.com,Male,107.229.249.227
79,Darryl,Collingham,dcollingham26@weebly.com,Male,189.1.224.102
80,Dion,Bottrill,dbottrill27@ibm.com,Female,76.209.234.165
81,Omero,Broker,obroker28@discovery.com,Male,38.115.60.249
82,Karry,Bollum,kbollum29@apple.com,Female,114.88.181.202
83,Felicity,Trimmill,ftrimmill2a@usa.gov,Female,35.107.247.67
84,Lawrence,Olorenshaw,lolorenshaw2b@prnewswire.com,Male,37.46.142.17
85,Homere,Sasser,hsasser2c@cocolog-nifty.com,Male,229.191.87.97
86,Massimo,Littlewood,mlittlewood2d@twitter.com,Male,27.72.189.76
87,Wait,Villalta,wvillalta2e@google.nl,Male,54.218.166.185
88,Gwenora,Vize,gvize2f@columbia.edu,Non-binary,110.203.113.159
89,Andy,Vivash,avivash2g@china.com.cn,Female,219.154.5.53
90,Demeter,Dudleston,ddudleston2h@house.gov,Female,155.210.42.171
91,Milly,Coots,mcoots2i@alibaba.com,Female,104.42.213.143
92,Nap,Schonfelder,nschonfelder2j@nsw.gov.au,Male,251.25.242.180
93,Benjy,Cullum,bcullum2k@tmall.com,Male,38.86.203.193
94,Carmine,Cromley,ccromley2l@indiegogo.com,Male,242.226.192.141
95,Adel,Farlow,afarlow2m@youku.com,Agender,22.218.166.135
96,Eadith,Cavy,ecavy2n@freewebs.com,Female,6.8.255.99
97,Asa,Blaker,ablaker2o@paypal.com,Male,57.114.208.228
98,Hildy,Stanett,hstanett2p@devhub.com,Female,54.75.109.182
99,Vida,Ioselevich,vioselevich2q@bandcamp.com,Female,140.158.254.25
100,Harold,Sunman,hsunman2r@purevolume.com,Male,33.156.212.56
101,Pier,Worlidge,pworlidge2s@washingtonpost.com,Female,230.188.234.142
102,Reilly,Wardrop,rwardrop2t@census.gov,Male,14.191.242.180
103,Tony,Orrett,torrett2u@wired.com,Male,86.46.185.235
104,Otto,Coupman,ocoupman2v@irs.gov,Male,63.63.222.9
105,Ollie,Jeskin,ojeskin2w@cdc.gov,Male,47.103.168.36
106,Win,Folling,wfolling2x@networkadvertising.org,Male,58.61.192.52
107,Kendricks,Phillp,kphillp2y@sohu.com,Male,174.237.97.178
108,Patrizio,Lorans,plorans2z@ehow.com,Agender,155.132.214.91
109,Victoria,Burchett,vburchett30@constantcontact.com,Female,134.211.225.163
110,Lorette,Peaseman,lpeaseman31@yale.edu,Female,34.20.218.168
111,Lise,Dybald,ldybald32@creativecommons.org,Female,234.126.159.23
112,Rafaello,Patridge,rpatridge33@google.com.hk,Male,77.81.35.214
113,Jamal,MacBain,jmacbain34@typepad.com,Male,195.232.133.129
114,Nicoline,Laingmaid,nlaingmaid35@spiegel.de,Female,46.138.214.226
115,Mallissa,Fleet,mfleet36@amazon.co.uk,Female,125.202.88.189
116,Whit,Gounin,wgounin37@ebay.co.uk,Male,3.30.118.247
117,Jessamine,Crowdson,jcrowdson38@hexun.com,Female,205.251.111.31
118,Elvera,McGourty,emcgourty39@dmoz.org,Female,18.132.182.93
119,Eolanda,Joyson,ejoyson3a@wikia.com,Female,60.216.160.78
120,Weider,Nicholas,wnicholas3b@usnews.com,Male,158.205.138.254
121,Shalna,Rixon,srixon3c@cbsnews.com,Female,50.145.85.229
122,Brena,Heaseman,bheaseman3d@friendfeed.com,Female,197.6.201.191
123,Sayres,Sally,ssally3e@accuweather.com,Male,230.138.244.237
124,Catha,Tompsett,ctompsett3f@wired.com,Non-binary,146.114.100.8
125,Gerta,Chrystie,gchrystie3g@reddit.com,Female,230.33.158.235
126,Regine,Meale,rmeale3h@meetup.com,Female,79.100.144.163
127,Ransom,Anthiftle,ranthiftle3i@cornell.edu,Male,232.86.192.38
128,Siward,Longmate,slongmate3j@istockphoto.com,Male,43.249.148.30
129,Madonna,Reichartz,mreichartz3k@webnode.com,Genderfluid,193.155.246.217
130,Richie,Spittal,rspittal3l@ted.com,Male,177.181.108.5
131,Micheline,Wickliffe,mwickliffe3m@bizjournals.com,Female,38.104.250.225
132,Reinwald,Duiged,rduiged3n@stanford.edu,Male,44.72.141.138
133,Park,Faughey,pfaughey3o@china.com.cn,Male,167.15.16.193
134,Andre,McCaig,amccaig3p@google.com,Male,166.98.98.229
135,Antonino,Blinder,ablinder3q@stanford.edu,Male,176.175.142.157
136,Barbara,Hupe,bhupe3r@stanford.edu,Bigender,199.91.145.91
137,Martie,Moir,mmoir3s@hud.gov,Male,244.175.64.83
138,Hieronymus,Bhar,hbhar3t@wikipedia.org,Male,61.244.219.130
139,Kordula,Bolgar,kbolgar3u@phpbb.com,Female,83.117.223.208
140,Margo,Fripp,mfripp3v@google.de,Female,137.163.177.194
141,Julio,Sincock,jsincock3w@bbc.co.uk,Male,211.57.90.230
142,Cassie,Gossage,cgossage3x@icio.us,Female,10.217.181.59
143,Nikaniki,Dootson,ndootson3y@ocn.ne.jp,Female,225.137.19.35
144,Nichol,Brugman,nbrugman3z@apple.com,Bigender,250.247.233.36
145,Pollyanna,Shuttle,pshuttle40@unc.edu,Female,249.47.204.56
146,Godfry,Platfoot,gplatfoot41@reference.com,Male,212.195.230.78
147,Mort,Batch,mbatch42@4shared.com,Polygender,232.181.126.11
148,Cyrillus,Goudie,cgoudie43@cdbaby.com,Male,30.5.219.196
149,Mitzi,Mellings,mmellings44@i2i.jp,Female,16.84.164.122
150,Petr,Alexandrescu,palexandrescu45@canalblog.com,Male,42.215.0.47
151,Annelise,Gerrett,agerrett46@icq.com,Female,248.22.225.60
152,Alberta,Wagner,awagner47@1und1.de,Genderqueer,149.140.159.2
153,Hallsy,Kiff,hkiff48@blinklist.com,Male,113.124.185.116
154,Karylin,Bettis,kbettis49@mediafire.com,Female,20.232.103.14
155,Falito,Darmody,fdarmody4a@alibaba.com,Male,49.46.166.188
156,Joni,Bobasch,jbobasch4b@state.tx.us,Female,200.59.112.200
157,Lorrie,Devaney,ldevaney4c@tumblr.com,Polygender,173.26.31.239
158,Kassey,Coners,kconers4d@cbc.ca,Agender,19.5.217.122
159,Shayla,Courtois,scourtois4e@wikipedia.org,Female,159.62.5.193
160,Dotti,Alvaro,dalvaro4f@sbwire.com,Female,151.57.191.168
161,Barri,Howatt,bhowatt4g@sohu.com,Male,198.169.238.72
162,Nero,Sheardown,nsheardown4h@reverbnation.com,Male,185.179.199.33
163,Laird,Tofanini,ltofanini4i@google.com.hk,Male,112.81.222.249
164,Matti,MacGorman,mmacgorman4j@csmonitor.com,Female,238.151.92.187
165,Goldi,Kilbee,gkilbee4k@godaddy.com,Female,66.85.140.4
166,Lark,Mifflin,lmifflin4l@dailymotion.com,Female,86.155.194.32
167,Caitrin,Scandrite,cscandrite4m@ftc.gov,Female,76.24.16.200
168,Annora,Naton,anaton4n@yolasite.com,Female,206.249.222.117
169,Wendell,Kmicicki,wkmicicki4o@tripadvisor.com,Male,56.137.82.79
170,Patric,Anglin,panglin4p@apple.com,Male,123.15.71.133
171,Hamnet,Swinnard,hswinnard4q@blogtalkradio.com,Male,221.40.42.226
172,Linn,Gallichan,lgallichan4r@miitbeian.gov.cn,Polygender,83.232.212.125
173,Hyacinthia,Petegre,hpetegre4s@feedburner.com,Female,210.205.160.70
174,Cece,Fuke,cfuke4t@amazon.co.uk,Male,227.102.64.32
175,Vivianna,Slot,vslot4u@ovh.net,Female,181.7.11.193
176,Corrina,Prantl,cprantl4v@icio.us,Female,87.94.74.158
177,Justino,Panchin,jpanchin4w@nymag.com,Male,235.88.65.96
178,Sadie,McKaile,smckaile4x@zimbio.com,Female,17.141.3.213
179,Sunshine,Pasmore,spasmore4y@hud.gov,Female,144.94.156.244
180,Olivier,Fernant,ofernant4z@wired.com,Male,52.42.119.33
181,Gweneth,Garms,ggarms50@ft.com,Female,32.142.140.7
182,Tara,Wolton,twolton51@uiuc.edu,Female,27.55.130.247
183,Drusi,Wheatcroft,dwheatcroft52@acquirethisname.com,Female,210.175.216.151
184,Chelsey,Cristea,ccristea53@google.es,Female,109.172.225.183
185,Charlena,Sidebottom,csidebottom54@slideshare.net,Female,137.7.228.132
186,Beryle,Kattenhorn,bkattenhorn55@ihg.com,Non-binary,67.105.2.178
187,Charmion,Di Francesco,cdifrancesco56@symantec.com,Female,64.181.204.229
188,Flossie,Rawlinson,frawlinson57@google.ru,Female,151.19.19.193
189,Craggie,Larkings,clarkings58@bing.com,Agender,182.241.176.200
190,Fiann,Szubert,fszubert59@google.com.au,Female,12.126.86.254
191,Corbet,Matlock,cmatlock5a@state.tx.us,Male,209.78.24.107
192,Idell,Goshawk,igoshawk5b@fastcompany.com,Female,151.51.213.52
193,Lani,Enoksson,lenoksson5c@bloglines.com,Female,127.222.161.183
194,Ryon,Beales,rbeales5d@google.ca,Non-binary,249.72.101.35
195,Ogden,Templeton,otempleton5e@instagram.com,Male,22.228.26.234
196,Cherida,Heersema,cheersema5f@google.com.hk,Female,243.140.153.5
197,Robert,Inglesfield,ringlesfield5g@instagram.com,Male,237.158.129.55
198,Bella,Westcot,bwestcot5h@nifty.com,Female,219.104.14.192
199,Court,Trowle,ctrowle5i@wufoo.com,Male,15.247.2.173
200,Vern,Sharples,vsharples5j@ft.com,Male,34.155.213.227
201,Pietro,Land,pland5k@goo.ne.jp,Male,137.147.25.11
202,Minnie,Belle,mbelle5l@businessinsider.com,Female,94.1.176.28
203,Tabatha,MacCallion,tmaccallion5m@miitbeian.gov.cn,Female,244.42.82.192
204,Pippa,Benley,pbenley5n@infoseek.co.jp,Female,64.49.215.190
205,Udale,MacGuigan,umacguigan5o@seattletimes.com,Agender,103.95.6.123
206,Marni,Gerhardt,mgerhardt5p@fema.gov,Female,50.205.213.34
207,Carma,Martinello,cmartinello5q@etsy.com,Female,142.16.145.114
208,Yancy,Aleksankin,yaleksankin5r@paypal.com,Male,138.235.23.203
209,Kathryne,Burness,kburness5s@icq.com,Female,44.139.115.76
210,Nicole,O'Currane,nocurrane5t@elpais.com,Female,227.136.179.18
211,Davis,Lawman,dlawman5u@acquirethisname.com,Male,189.164.207.70
212,Aguistin,Sidlow,asidlow5v@nbcnews.com,Non-binary,155.188.153.86
213,Den,Wearing,dwearing5w@delicious.com,Male,226.121.142.22
214,Darcy,Brewers,dbrewers5x@apache.org,Genderqueer,231.131.189.226
215,Westley,Aslam,waslam5y@craigslist.org,Male,121.69.42.33
216,Hunfredo,Norkutt,hnorkutt5z@cargocollective.com,Male,219.136.38.21
217,Guido,Delagua,gdelagua60@nyu.edu,Male,194.180.86.27
218,Tiffanie,Forrester,tforrester61@ifeng.com,Genderqueer,126.56.164.151
219,Devondra,Feaviour,dfeaviour62@usa.gov,Female,119.117.9.101
220,Hannis,D'Ambrosio,hdambrosio63@infoseek.co.jp,Female,96.236.88.73
221,Chico,Pybworth,cpybworth64@hud.gov,Male,17.118.21.204
222,Sashenka,Slimme,sslimme65@nps.gov,Female,36.61.120.60
223,Caroljean,Portigall,cportigall66@va.gov,Female,186.229.86.93
224,Say,Sighart,ssighart67@usgs.gov,Male,117.143.46.136
225,Staffard,Coomes,scoomes68@harvard.edu,Male,82.251.25.69
226,Micah,Vanderson,mvanderson69@bluehost.com,Male,239.135.122.168
227,Sylvia,O'Farris,sofarris6a@cdbaby.com,Female,44.198.115.29
228,Aviva,Dartnell,adartnell6b@ox.ac.uk,Polygender,167.227.159.217
229,West,Yeulet,wyeulet6c@ed.gov,Male,236.147.10.221
230,Ara,Camidge,acamidge6d@ovh.net,Female,171.139.8.251
231,Wash,Hencke,whencke6e@storify.com,Male,13.25.217.158
232,Gradey,Kennsley,gkennsley6f@parallels.com,Male,233.213.56.49
233,Bailey,Reast,breast6g@privacy.gov.au,Male,115.239.191.29
234,Gothart,Beldon,gbeldon6h@stumbleupon.com,Male,54.230.144.116
235,Obadias,Buzek,obuzek6i@si.edu,Male,214.103.2.62
236,Glenda,L' Estrange,glestrange6j@newyorker.com,Female,83.25.233.233
237,Reid,Quesne,rquesne6k@github.com,Polygender,120.187.207.207
238,Fabian,Rowlson,frowlson6l@geocities.jp,Male,127.206.212.197
239,Eugenio,Danaher,edanaher6m@boston.com,Male,226.102.93.252
240,Anthia,Fishly,afishly6n@sourceforge.net,Female,209.171.23.209
241,Aluin,Couch,acouch6o@i2i.jp,Male,224.169.169.30
242,Goldy,Harrisson,gharrisson6p@bbc.co.uk,Female,180.153.10.125
243,Albertina,Edgeler,aedgeler6q@mlb.com,Female,255.0.112.54
244,Gaston,Owttrim,gowttrim6r@jiathis.com,Male,204.91.76.124
245,Erika,Nutkin,enutkin6s@facebook.com,Female,66.221.70.155
246,Toddy,Driscoll,tdriscoll6t@cocolog-nifty.com,Male,155.120.91.37
247,Natty,Pavlik,npavlik6u@blogs.com,Male,235.100.68.128
248,Claudianus,Sargeant,csargeant6v@cdc.gov,Male,138.220.161.211
249,Ginelle,Morch,gmorch6w@reference.com,Female,140.74.238.99
250,Doretta,Dudley,ddudley6x@columbia.edu,Female,18.253.68.160